{"nodes":{"node:1":{"location":{"x":20,"y":20}},"node:10":{"location":{"x":850,"y":20}},"node:4":{"location":{"x":420,"y":20}},"node:7":{"location":{"x":610,"y":20}}},"selection":null,"view":{"scroll":{"x":-6.9007568359375,"y":-139.914794921875},"visible_rect":{"max":{"x":1024.0992431640625,"y":431.085205078125},"min":{"x":-6.9007568359375,"y":-139.914794921875}},"zoom":1}}