{"nodes":{"node:1":{"location":{"x":20,"y":20}},"node:10":{"location":{"x":850,"y":20}},"node:4":{"location":{"x":420,"y":20}},"node:7":{"location":{"x":610,"y":20}}},"selection":null,"view":{"scroll":{"x":148.5013427734375,"y":-112.193267822265625},"visible_rect":{"max":{"x":1179.5013427734375,"y":458.806732177734375},"min":{"x":148.5013427734375,"y":-112.193267822265625}},"zoom":1}}