{"nodes":{"node:1":{"location":{"x":20,"y":20}},"node:10":{"location":{"x":850,"y":20}},"node:4":{"location":{"x":420,"y":20}},"node:7":{"location":{"x":610,"y":20}}},"selection":null,"view":{"scroll":{"x":2.737060546875,"y":-190.634185791015625},"visible_rect":{"max":{"x":1047.737060546875,"y":432.365814208984375},"min":{"x":2.737060546875,"y":-190.634185791015625}},"zoom":1}}